Workbook

Sheet Sales_Data
A1: Order_ID | B1: Date | C1: Region | D1: Salesperson | E1: Product_ID | F1: Category | G1: Sales_Amount | H1: Quantity | I1: Product | J1: Price | K1: performance category | L1: Zone Region | M1: Performance %
A2: 1001 | B2: 45292 | C2: North | D2: Amit | E2: P101 | F2: Electronics | G2: 15000 | H2: 2 | I2: =VLOOKUP(E2,Product_Master!$A$1:$C$6,2,0) -> Laptop | J2: =VLOOKUP(E2,Product_Master!$A$1:$C$6,3,0) -> 7500 | K2: {=IF($G$2:$G$11>15000,"High", IF($G$2:$G$11>=5000,"Medium", "Low"))} -> Medium | L2: {=_xlfn.IFS($C$2:$C$11="North","Zone1",$C$2:$C$11="South","Zone2",$C$2:$C$11="East","Zone3",$C$2:$C$11="West","Zone4")} -> Zone1 | M2: {=IF(_xlfn.ANCHORARRAY(K2)="High","10%",IF(_xlfn.ANCHORARRAY(K2)="Medium","5%",IF(_xlfn.ANCHORARRAY(K2)="Low","2%")))} -> 5%
A3: 1002 | B3: 45293 | C3: South | D3: Ravi | E3: P102 | F3: Furniture | G3: 8000 | H3: 1 | I3: =VLOOKUP(E3,Product_Master!$A$1:$C$6,2,0) -> Chair | J3: =VLOOKUP(E3,Product_Master!$A$1:$C$6,3,0) -> 7000 | K3: Medium | L3: Zone2 | M3: 5%
A4: 1003 | B4: 45293 | C4: East | D4: Neha | E4: P103 | F4: Clothing | G4: 2000 | H4: 5 | I4: =VLOOKUP(E4,Product_Master!$A$1:$C$6,2,0) -> T-Shirt | J4: =VLOOKUP(E4,Product_Master!$A$1:$C$6,3,0) -> 500 | K4: Low | L4: Zone3 | M4: 2%
A5: 1004 | B5: 45294 | C5: West | D5: Priya | E5: P101 | F5: Electronics | G5: 12000 | H5: 1 | I5: =VLOOKUP(E5,Product_Master!$A$1:$C$6,2,0) -> Laptop | J5: =VLOOKUP(E5,Product_Master!$A$1:$C$6,3,0) -> 7500 | K5: Medium | L5: Zone4 | M5: 5%
A6: 1005 | B6: 45294 | C6: North | D6: Amit | E6: P104 | F6: Clothing | G6: 3000 | H6: 3 | I6: =VLOOKUP(E6,Product_Master!$A$1:$C$6,2,0) -> Jeans | J6: =VLOOKUP(E6,Product_Master!$A$1:$C$6,3,0) -> 1500 | K6: Low | L6: Zone1 | M6: 2%
A7: 1006 | B7: 45295 | C7: South | D7: Ravi | E7: P105 | F7: Furniture | G7: 10000 | H7: 2 | I7: =VLOOKUP(E7,Product_Master!$A$1:$C$6,2,0) -> Table | J7: =VLOOKUP(E7,Product_Master!$A$1:$C$6,3,0) -> 5000 | K7: Medium | L7: Zone2 | M7: 5%
A8: 1007 | B8: 45296 | C8: East | D8: Neha | E8: P101 | F8: Electronics | G8: 18000 | H8: 2 | I8: =VLOOKUP(E8,Product_Master!$A$1:$C$6,2,0) -> Laptop | J8: =VLOOKUP(E8,Product_Master!$A$1:$C$6,3,0) -> 7500 | K8: High | L8: Zone3 | M8: 10%
A9: 1008 | B9: 45297 | C9: West | D9: Priya | E9: P102 | F9: Furniture | G9: 7000 | H9: 1 | I9: =VLOOKUP(E9,Product_Master!$A$1:$C$6,2,0) -> Chair | J9: =VLOOKUP(E9,Product_Master!$A$1:$C$6,3,0) -> 7000 | K9: Medium | L9: Zone4 | M9: 5%
A10: 1009 | B10: 45298 | C10: North | D10: Amit | E10: P103 | F10: Clothing | G10: 2500 | H10: 4 | I10: =VLOOKUP(E10,Product_Master!$A$1:$C$6,2,0) -> T-Shirt | J10: =VLOOKUP(E10,Product_Master!$A$1:$C$6,3,0) -> 500 | K10: Low | L10: Zone1 | M10: 2%
A11: 1010 | B11: 45299 | C11: South | D11: Ravi | E11: P104 | F11: Clothing | G11: 3500 | H11: 2 | I11: =VLOOKUP(E11,Product_Master!$A$1:$C$6,2,0) -> Jeans | J11: =VLOOKUP(E11,Product_Master!$A$1:$C$6,3,0) -> 1500 | K11: Low | L11: Zone2 | M11: 2%
B15: Total Sales for Electronics category | F15: =SUMIF($F$2:$F$11,$F$2,G2:G11) -> 45000 | H15: Count number of orders in Furniture category | L15: =COUNTIF($F$2:$F$11,$F$3) -> 3
B16: Total Sales for North region and Clothing category | F16: =SUMIFS($G$2:$G$11,$C$2:$C$11,$C$2,$F$2:$F$11,$F$4) -> 5500 | H16: Count of orders in Region = South AND Sales > 5000 | L16: =COUNTIFS($C$2:$C$11,$C$3,$G$2:$G$11,">5000") -> 2
B17: Total Quantity sold by Amit | F17: =SUMIF($D$2:$D$11,$D$2,H2:H11) -> 9

Sheet Product_Master
A1: Product_ID | B1: Product_Name | C1: Price
A2: P101 | B2: Laptop | C2: 7500
A3: P102 | B3: Chair | C3: 7000
A4: P103 | B4: T-Shirt | C4: 500
A5: P104 | B5: Jeans | C5: 1500
A6: P105 | B6: Table | C6: 5000

Sheet Pivot_Tables
A2: Total Sales by Region | E2: Total Sales by Category | I2: Salesperson vs Sales
A3: Row Labels | B3: Sum of Sales_Amount | E3: Row Labels | F3: Sum of Sales_Amount | I3: Row Labels | J3: Sum of Sales_Amount
A4: East | B4: 20000 | E4: Clothing | F4: 11000 | I4: Amit | J4: 20500
A5: North | B5: 20500 | E5: Electronics | F5: 45000 | I5: Neha | J5: 20000
A6: South | B6: 21500 | E6: Furniture | F6: 25000 | I6: Priya | J6: 19000
A7: West | B7: 19000 | E7: Grand Total | F7: 81000 | I7: Ravi | J7: 21500
A8: Grand Total | B8: 81000 | I8: Grand Total | J8: 81000
